-- Esquema y datos de prueba para el benchmark REST vs GraphQL vs gRPC

CREATE TABLE universities (id INT PRIMARY KEY, name VARCHAR(100), country VARCHAR(50), ranking INT);

CREATE TABLE instructors (id INT PRIMARY KEY, name VARCHAR(100), national_id VARCHAR(50), education_level VARCHAR(50), university_id INT);

CREATE TABLE academic_degrees (id INT PRIMARY KEY, instructor_id INT, title VARCHAR(100), year INT);

INSERT INTO universities (id, name, country, ranking) VALUES
(1, 'Universidad 1', 'Argentina', 15),
(2, 'Universidad 2', 'Chile', 30),
(3, 'Universidad 3', 'Uruguay', 45),
(4, 'Universidad 4', 'Brasil', 60),
(5, 'Universidad 5', 'Paraguay', 75),
(6, 'Universidad 6', 'Bolivia', 90),
(7, 'Universidad 7', 'Peru', 105),
(8, 'Universidad 8', 'Colombia', 120),
(9, 'Universidad 9', 'Mexico', 135),
(10, 'Universidad 10', 'Espana', 150);

INSERT INTO instructors (id, name, national_id, education_level, university_id) VALUES
(1, 'Instructor 1', 'DNI-30000001', 'Maestria', 1),
(2, 'Instructor 2', 'DNI-30000002', 'Doctorado', 2),
(3, 'Instructor 3', 'DNI-30000003', 'Licenciatura', 3),
(4, 'Instructor 4', 'DNI-30000004', 'Maestria', 4),
(5, 'Instructor 5', 'DNI-30000005', 'Doctorado', 5),
(6, 'Instructor 6', 'DNI-30000006', 'Licenciatura', 6),
(7, 'Instructor 7', 'DNI-30000007', 'Maestria', 7),
(8, 'Instructor 8', 'DNI-30000008', 'Doctorado', 8),
(9, 'Instructor 9', 'DNI-30000009', 'Licenciatura', 9),
(10, 'Instructor 10', 'DNI-30000010', 'Maestria', 10),
(11, 'Instructor 11', 'DNI-30000011', 'Doctorado', 1),
(12, 'Instructor 12', 'DNI-30000012', 'Licenciatura', 2),
(13, 'Instructor 13', 'DNI-30000013', 'Maestria', 3),
(14, 'Instructor 14', 'DNI-30000014', 'Doctorado', 4),
(15, 'Instructor 15', 'DNI-30000015', 'Licenciatura', 5),
(16, 'Instructor 16', 'DNI-30000016', 'Maestria', 6),
(17, 'Instructor 17', 'DNI-30000017', 'Doctorado', 7),
(18, 'Instructor 18', 'DNI-30000018', 'Licenciatura', 8),
(19, 'Instructor 19', 'DNI-30000019', 'Maestria', 9),
(20, 'Instructor 20', 'DNI-30000020', 'Doctorado', 10),
(21, 'Instructor 21', 'DNI-30000021', 'Licenciatura', 1),
(22, 'Instructor 22', 'DNI-30000022', 'Maestria', 2),
(23, 'Instructor 23', 'DNI-30000023', 'Doctorado', 3),
(24, 'Instructor 24', 'DNI-30000024', 'Licenciatura', 4),
(25, 'Instructor 25', 'DNI-30000025', 'Maestria', 5),
(26, 'Instructor 26', 'DNI-30000026', 'Doctorado', 6),
(27, 'Instructor 27', 'DNI-30000027', 'Licenciatura', 7),
(28, 'Instructor 28', 'DNI-30000028', 'Maestria', 8),
(29, 'Instructor 29', 'DNI-30000029', 'Doctorado', 9),
(30, 'Instructor 30', 'DNI-30000030', 'Licenciatura', 10),
(31, 'Instructor 31', 'DNI-30000031', 'Maestria', 1),
(32, 'Instructor 32', 'DNI-30000032', 'Doctorado', 2),
(33, 'Instructor 33', 'DNI-30000033', 'Licenciatura', 3),
(34, 'Instructor 34', 'DNI-30000034', 'Maestria', 4),
(35, 'Instructor 35', 'DNI-30000035', 'Doctorado', 5),
(36, 'Instructor 36', 'DNI-30000036', 'Licenciatura', 6),
(37, 'Instructor 37', 'DNI-30000037', 'Maestria', 7),
(38, 'Instructor 38', 'DNI-30000038', 'Doctorado', 8),
(39, 'Instructor 39', 'DNI-30000039', 'Licenciatura', 9),
(40, 'Instructor 40', 'DNI-30000040', 'Maestria', 10),
(41, 'Instructor 41', 'DNI-30000041', 'Doctorado', 1),
(42, 'Instructor 42', 'DNI-30000042', 'Licenciatura', 2),
(43, 'Instructor 43', 'DNI-30000043', 'Maestria', 3),
(44, 'Instructor 44', 'DNI-30000044', 'Doctorado', 4),
(45, 'Instructor 45', 'DNI-30000045', 'Licenciatura', 5),
(46, 'Instructor 46', 'DNI-30000046', 'Maestria', 6),
(47, 'Instructor 47', 'DNI-30000047', 'Doctorado', 7),
(48, 'Instructor 48', 'DNI-30000048', 'Licenciatura', 8),
(49, 'Instructor 49', 'DNI-30000049', 'Maestria', 9),
(50, 'Instructor 50', 'DNI-30000050', 'Doctorado', 10);

INSERT INTO academic_degrees (id, instructor_id, title, year) VALUES
(1, 1, 'Ciencias de la Computacion', 2001),
(2, 2, 'Matematica Aplicada', 2002),
(3, 3, 'Ingenieria en Sistemas', 2003),
(4, 4, 'Ciencias de la Computacion', 2004),
(5, 5, 'Matematica Aplicada', 2005),
(6, 6, 'Ingenieria en Sistemas', 2006),
(7, 7, 'Ciencias de la Computacion', 2007),
(8, 8, 'Matematica Aplicada', 2008),
(9, 9, 'Ingenieria en Sistemas', 2009),
(10, 10, 'Ciencias de la Computacion', 2010),
(11, 11, 'Matematica Aplicada', 2011),
(12, 12, 'Ingenieria en Sistemas', 2012),
(13, 13, 'Ciencias de la Computacion', 2013),
(14, 14, 'Matematica Aplicada', 2014),
(15, 15, 'Ingenieria en Sistemas', 2015),
(16, 16, 'Ciencias de la Computacion', 2016),
(17, 17, 'Matematica Aplicada', 2017),
(18, 18, 'Ingenieria en Sistemas', 2018),
(19, 19, 'Ciencias de la Computacion', 2019),
(20, 20, 'Matematica Aplicada', 2000),
(21, 21, 'Ingenieria en Sistemas', 2001),
(22, 22, 'Ciencias de la Computacion', 2002),
(23, 23, 'Matematica Aplicada', 2003),
(24, 24, 'Ingenieria en Sistemas', 2004),
(25, 25, 'Ciencias de la Computacion', 2005),
(26, 26, 'Matematica Aplicada', 2006),
(27, 27, 'Ingenieria en Sistemas', 2007),
(28, 28, 'Ciencias de la Computacion', 2008),
(29, 29, 'Matematica Aplicada', 2009),
(30, 30, 'Ingenieria en Sistemas', 2010),
(31, 31, 'Ciencias de la Computacion', 2011),
(32, 32, 'Matematica Aplicada', 2012),
(33, 33, 'Ingenieria en Sistemas', 2013),
(34, 34, 'Ciencias de la Computacion', 2014),
(35, 35, 'Matematica Aplicada', 2015),
(36, 36, 'Ingenieria en Sistemas', 2016),
(37, 37, 'Ciencias de la Computacion', 2017),
(38, 38, 'Matematica Aplicada', 2018),
(39, 39, 'Ingenieria en Sistemas', 2019),
(40, 40, 'Ciencias de la Computacion', 2000),
(41, 41, 'Matematica Aplicada', 2001),
(42, 42, 'Ingenieria en Sistemas', 2002),
(43, 43, 'Ciencias de la Computacion', 2003),
(44, 44, 'Matematica Aplicada', 2004),
(45, 45, 'Ingenieria en Sistemas', 2005),
(46, 46, 'Ciencias de la Computacion', 2006),
(47, 47, 'Matematica Aplicada', 2007),
(48, 48, 'Ingenieria en Sistemas', 2008),
(49, 49, 'Ciencias de la Computacion', 2009),
(50, 50, 'Matematica Aplicada', 2010);
